F1743-08 Rehab with Pulled in Place CIPP,
F3034-14 HDPE Billets,
D2122-98 Dimensions,
F1216-09 CIP Rehabilitation,
D3212-07 Elastomeric Joints,
D2235-04 Solvent Cement for ABS,
F412-13 Terminology,
F1962-11 Maxi HDD,
F2805-11 Multilayer Thermoplastic and Steel,
F2599-11 Repair with Inverted CIP Liner,
F1429-99 Conduit Assembly Force,
F2138-12 EFV,
F2019-11 CIPP Rehab with GRP Thermoset,
D883-12 Standard Terminology Relating To Plastics,
F2787-13 Design of Stormwater Retention Chambers,
F2160-10 HDPE Conduit,
F2623-08 DR 9 PERT Tubing,
D2657-07 Heat Fusion of PO,
F2418-13 PP Stormwater Chambers,
D3311-11 DWV Fitting Patterns,
F2509-12 Field Assembled Anodeless Risers,
F1973-13 Factory Assembled Anodeless Risers,
F2561-11 Lateral Rehab with One Piece CIP Liner,
F2720-09 Large Diameter Spiral Wound PEGF,
F481-97 Installation in Septic Tank Leach Fields,
D5203-07 Standard Specification for Polyethylene Plastics Molding and Extrusion Materials from Recycled Post-Consumer (HDPE) Sources,
F1675-13 LCA of Buried Culverts and Conduits,
D3138-04 Solvent Cement for ABS-PVC,
F1281-11 PEX-AL-PEX,
F477-14 Elastomeric Seals,
F2331-11 Chemical Compatibility,
F2021-11 Design of Siphonic Roof Drains,
F493-14 Solvent Cements for CPVC,
D3139-98 Elastomeric Joints,
F1759-97 HDPE Manholes,
F2984-13 Rehab with Segmented Panels,
F2262-09 DR 9 PEX-AL-PEX Tubing,
F2165-13 Flexible Preinsulated Piping,
F402-05 Handling Solvent Cements,
F2176-02 Mech Couplings for Conduit,
F1734-03 Qualification of Sqeeze Off Tool,
